link,likes,caption,posting_time
https://www.instagram.com/p/DHKoo3DqqXq/,23,"14w
Delhi Capitals named Axar Patel as its captain for the IPL 2025 season on Friday.

Axar, with Delhi Capitals since 2019, was its top retention for Rs 16.50 crore ahead of the 2024 mega auction. Though lacking extensive captaincy experience, he was Indiaâ€™s T20I vice-captain in January 2025. He has led Gujarat in 23 matches, including the Syed Mushtaq Ali and Vijay Hazare Trophies.

Axar captained DC once last season, losing a match to RCB. He enters IPL 2025 after a key role in Indiaâ€™s Champions Trophy win, excelling with both bat and ball.

The team will kick off its campaign against the Lucknow Super Giants in Visakhapatnam on March 24.",2025-03-14T04:22:00.000Z
https://www.instagram.com/p/DHlNCL5oRmt/,337,"12w
Delhi Capitals vs Lucknow Super Giants

Bet on your favourite team NOW! Who will win this epic clash? ğŸ†

âœ… 20% Weekly Cashback 
âœ… Fast Bank Withdrawals 
âœ… Live Betting

Register now on INDI365.com and start winning!

              sports",2025-03-24T12:00:17.000Z
https://www.instagram.com/p/DKC9u5bhl_K/,,"3w
Capital Domination! ğŸ’¥ Delhi crush it in Match 66 with a 6-wicket win!

ğŸ“·: Getty Images
Disclaimer: Photo belongs to the original creators. Shared for info only. No profit intended. DM for removal.

[Delhi Capitals, IPL 2025 DC victory, DC won by 6 wickets, Delhi Capitals latest match result, DC match highlights IPL, DCvsPBS, Indian Premier League]",2025-05-24T18:26:34.000Z
https://www.instagram.com/p/DHnS9aesKlF/,"147,406","12w
Delhi Capitals team congratulates KL Rahul and Athiya Shetty on the birth of their baby girl ğŸ‘¨â€ğŸ‘©â€ğŸ‘§ğŸ˜

ğŸ“¸: Delhi Capitals/ X

     2025",2025-03-25T07:30:31.000Z
https://www.instagram.com/p/DJ7LST8y0fg/,"9,787","4w
From Dream Start to Disappointment! âŒ

Delhi Capitals started IPL 2025 with 4 straight winsâ€¦ now knocked out after a crushing defeat to Mumbai Indians! ğŸ¤¯ğŸ’”",2025-05-21T17:51:04.000Z
https://www.instagram.com/p/DH3wFfpPbmf/,"29,840","11w
Delhi Capitals team bus in Chennai ğŸ˜ğŸ”¥",2025-03-31T16:52:53.000Z
https://www.instagram.com/p/DJRxUcipddB/,7,"6w
Delhi Capitals made a comeback of sorts to finish with 133/7 after being reduced to 29/5 with SRH captain Pat Cummins running through the top order.

 2025",2025-05-05T15:55:19.000Z
https://www.instagram.com/p/DJ7QMKUBj0o/,"10,890","Edited
â€¢
Delhi Capitals story this season!ğŸ˜¬ğŸ˜“",2025-05-21T18:34:19.000Z
https://www.instagram.com/p/DGGhuMht_MD/,,"17w
DELHI CAPITALS DEFEATED MUMBAI INDIANS BY 2 WICKETS!

Follow For More Cricket Updates!
@cricinlast24hr",2025-02-15T17:33:11.000Z
https://www.instagram.com/p/DIRlsIQh0k-/,7,"10w
DC Seals the Win! ğŸ”¥ğŸ
Delhi Capitals defeat RCB by 6 wickets in a power-packed IPL 2025 showdown!

Good news for fans in Nepal â€” watch every match LIVE & FREE on StyxSports.com!

ğŸ“² Tap the link now and never miss a moment of the action!",2025-04-10T17:42:17.000Z
https://www.instagram.com/p/DIKzUNhB4mW/,"1,224","10w
Delhi Capitals Jersey Evolution (2008-2025)
Follow @criccnation for latest cricket news and posts 
 fanclub status             diaries",2025-04-08T02:26:41.000Z
https://www.instagram.com/p/DHl06H1ycXh/,"12,976","12w
Delhi Capitals pull off a thriller to secure a stunning victory! ğŸ”¥ğŸ’™

A nail-biting finish in Visakhapatnam! ğŸ”¥ğŸ¥¶",2025-03-24T17:48:42.000Z
https://www.instagram.com/p/DHaWcbCsPQt/,4,"13w
Delhi Capitals have finished at the bottom of the points table most times in IPL history
          2025",2025-03-20T06:50:50.000Z
https://www.instagram.com/p/DH01xR_SkB9/,34,"11w
Delhi Capitals' bowlers were on fire today, dismantling the opposition with a sensational display of wicket-taking!âš¡
A truly electrifying performance that kept the game in our control from start to finish! ğŸâœ¨",2025-03-30T13:44:50.000Z
https://www.instagram.com/p/DHnYb4TMDBt/,"98,020","12w
à¤†à¤ˆà¤ªà¥€à¤à¤² 2025 à¤•à¥‡ à¤°à¥‹à¤®à¤¾à¤‚à¤šà¤• à¤®à¥à¤•à¤¾à¤¬à¤²à¥‡ à¤®à¥‡à¤‚ à¤¦à¤¿à¤²à¥à¤²à¥€ à¤•à¥ˆà¤ªà¤¿à¤Ÿà¤²à¥à¤¸ à¤¨à¥‡ à¤²à¤–à¤¨à¤Š à¤¸à¥à¤ªà¤° à¤œà¤¾à¤¯à¤‚à¤Ÿà¥à¤¸ à¤•à¥‹ à¤à¤• à¤µà¤¿à¤•à¥‡à¤Ÿ à¤¸à¥‡ à¤¹à¤°à¤¾à¤¯à¤¾. à¤®à¥ˆà¤š à¤†à¤–à¤¿à¤°à¥€ à¤—à¥‡à¤‚à¤¦ à¤¤à¤• à¤—à¤¯à¤¾, à¤œà¤¿à¤¸à¤¸à¥‡ à¤«à¥ˆà¤‚à¤¸ à¤•à¥€ à¤¸à¤¾à¤‚à¤¸à¥‡à¤‚ à¤…à¤Ÿà¤•à¥€ à¤°à¤¹à¥€à¤‚à¥¤ à¤œà¥€à¤¤ à¤•à¥‡ à¤¬à¤¾à¤¦ à¤¦à¤¿à¤²à¥à¤²à¥€ à¤•à¥ˆà¤ªà¤¿à¤Ÿà¤²à¥à¤¸ à¤•à¥‡ à¤•à¤ªà¥à¤¤à¤¾à¤¨ à¤…à¤•à¥à¤·à¤° à¤ªà¤Ÿà¥‡à¤² à¤¨à¥‡ à¤®à¤œà¤¼à¥‡à¤¦à¤¾à¤° à¤…à¤‚à¤¦à¤¾à¤œ à¤®à¥‡à¤‚ à¤•à¤¹à¤¾, ""à¤†à¤¦à¤¤ à¤¡à¤¾à¤² à¤²à¥‹, à¤à¤¸à¤¾ à¤¹à¥€ à¤¹à¥‹à¤¨à¥‡ à¤µà¤¾à¤²à¤¾ à¤¹à¥ˆ. à¤®à¥‡à¤°à¥€ à¤•à¤ªà¥à¤¤à¤¾à¤¨à¥€ à¤®à¥‡à¤‚ à¤à¤¸à¤¾ à¤¹à¥€ à¤°à¤¹à¥‡à¤—à¤¾, à¤®à¥‡à¤°à¥‡ à¤«à¥ˆà¤¸à¤²à¥‡ à¤­à¥€ à¤¥à¥‹à¤¡à¤¼à¥‡ à¤Šà¤ªà¤°-à¤¨à¥€à¤šà¥‡ à¤°à¤¹à¤¤à¥‡ à¤¹à¥ˆà¤‚!""

       

[ Axar Patel | Delhi Capitals | Captain | IPL 2025 | Cricket | Sports ]",2025-03-25T08:18:23.000Z
https://www.instagram.com/p/DK8fHD0IFnv/,"15,469","5d
à¤¦à¤•à¥à¤·à¤¿à¤£ à¤†à¤«à¥à¤°à¤¿à¤•à¥‡à¤šà¤¾ à¤®à¤¾à¤œà¥€ à¤•à¥à¤°à¤¿à¤•à¥‡à¤Ÿà¤ªà¤Ÿà¥‚ à¤à¤¬à¥€ à¤¡à¤¿à¤µà¤¿à¤²à¤¿à¤¯à¤°à¥à¤¸ à¤•à¤¾à¤¹à¥€ à¤¦à¤¿à¤µà¤¸à¤¾à¤‚à¤ªà¥‚à¤°à¥à¤µà¥€à¤š à¤†à¤¯à¤ªà¥€à¤à¤² 2025 à¤¸à¥à¤ªà¤°à¥à¤§à¥‡à¤šà¥à¤¯à¤¾ à¤…à¤‚à¤¤à¤¿à¤® à¤¸à¤¾à¤®à¤¨à¥à¤¯à¤¾à¤µà¥‡à¤³à¥€ à¤°à¥‰à¤¯à¤² à¤šà¥…à¤²à¥‡à¤‚à¤œà¤°à¥à¤¸ à¤¬à¤‚à¤—à¤³à¥à¤°à¥‚à¤²à¤¾ à¤ªà¤¾à¤ à¤¿à¤‚à¤¬à¤¾ à¤¦à¥‡à¤£à¥à¤¯à¤¾à¤¸à¤¾à¤ à¥€ à¤­à¤¾à¤°à¤¤à¤¾à¤¤ à¤†à¤²à¤¾ à¤¹à¥‹à¤¤à¤¾. à¤¡à¤¿à¤µà¤¿à¤²à¤¿à¤¯à¤°à¥à¤¸ RCB à¤¸à¤‚à¤˜à¤¾à¤¸à¤¾à¤ à¥€ 10 à¤µà¤°à¥à¤·à¥‡ à¤–à¥‡à¤³à¤²à¤¾. à¤¯à¤¾ 10 à¤µà¤°à¥à¤·à¤¾à¤¤ à¤¤à¥à¤¯à¤¾à¤¨à¥‡ à¤…à¤¨à¥‡à¤• à¤…à¤µà¤¿à¤¸à¥à¤®à¤°à¤£à¥€à¤¯ à¤–à¥‡à¤³à¥€ à¤•à¥‡à¤²à¥à¤¯à¤¾. à¤ªà¤£ à¤¡à¤¿à¤µà¤¿à¤²à¤¿à¤¯à¤°à¥à¤¸à¤¨à¥‡ à¤†à¤¯à¤ªà¥€à¤à¤²à¤šà¥€ à¤¸à¥à¤°à¥à¤µà¤¾à¤¤ à¤†à¤°à¤¸à¥€à¤¬à¥€ à¤¸à¤‚à¤˜à¤¾à¤¤à¥‚à¤¨ à¤•à¥‡à¤²à¥€ à¤¨à¤µà¥à¤¹à¤¤à¥€. à¤¤à¥‹ à¤¸à¥à¤°à¥à¤µà¤¾à¤¤à¥€à¤šà¥‡ 3 à¤¹à¤‚à¤—à¤¾à¤® à¤¦à¤¿à¤²à¥à¤²à¥€ à¤•à¥…à¤ªà¤¿à¤Ÿà¤²à¥à¤¸ (à¤ªà¥‚à¤°à¥à¤µà¥€à¤šà¥‡ à¤¦à¤¿à¤²à¥à¤²à¥€ à¤¡à¥‡à¤…à¤°à¤¡à¥‡à¤µà¤¿à¤²à¥à¤¸) à¤¸à¤‚à¤˜à¤¾à¤•à¤¡à¥‚à¤¨ à¤–à¥‡à¤³à¤²à¥‡ à¤¹à¥‹à¤¤à¥‡. à¤¦à¤°à¤®à¥à¤¯à¤¾à¤¨ à¤†à¤¤à¤¾ à¤¦à¤¿à¤²à¥à¤²à¥€à¤•à¤¡à¥‚à¤¨ à¤–à¥‡à¤³à¥‚à¤¨ à¤œà¤µà¤³à¤ªà¤¾à¤¸ 15 à¤µà¤°à¥à¤· à¤à¤¾à¤²à¥à¤¯à¤¾à¤¨à¤‚à¤¤à¤° à¤¤à¥‡à¤µà¥à¤¹à¤¾à¤šà¥à¤¯à¤¾ à¤…à¤¨à¥à¤­à¤µà¤¾à¤‚à¤¬à¤¾à¤¬à¤¤ à¤¡à¤¿à¤µà¤¿à¤²à¤¿à¤¯à¤°à¥à¤¸à¤¨à¥‡ à¤­à¤¾à¤·à¥à¤¯ à¤•à¥‡à¤²à¥‡ à¤†à¤¹à¥‡. 

      


(AB de Villiers, IPL 2025, RCB, Royal Challengers Bangalore, Delhi Capitals, Delhi Daredevils)",2025-06-16T02:34:57.000Z
https://www.instagram.com/p/DGKMn8uyV3U/,206,"17w
Delhi capitals IPL 2025 - Full schedule!ğŸğŸ†ğŸ‡®ğŸ‡³

Save the post & follow @sportsgully for all updates!
[IPL, Indian Premier League, IPL 2025, Tata IPL, India, T20 cricket]",2025-02-17T03:45:48.000Z
https://www.instagram.com/p/DKFBYpmPCa5/,"11,019","3w
Top Run Scorers of Delhi Capitals in IPL 2025ğŸğŸ’¯",2025-05-25T13:36:58.000Z
https://www.instagram.com/p/DK3sczUOeml/,"1,872","6d
Delhi Capitals WPL Class of 2025
 fanclub  squad",2025-06-14T05:55:18.000Z
https://www.instagram.com/p/DKb-CS2BlgY/,186,"2w
Delhi Capitals' Report Card ğŸ“Š | IPL 2025 ğŸ”¥

âœ… 14 Matches | 7 Wins | 6 Losses | 1 No Result | 15 Points

[Delhi Capitals IPL 2025 stats, DC IPL report card, Delhi Capitals top players 2025, IPL 2025 team standings, IPL 2025 player records, DC highest total IPL 2025, Kuldeep Yadav IPL stats, IPL 2025 match results]",2025-06-03T11:30:15.000Z
https://www.instagram.com/p/DKKcbGVyOS8/,"15,820","3w
It Feels Different ğŸ—¿ğŸ”¥
(Lsgvsrcb, Rishabh pant, IPL 2025, Cricket, KL Rahul , Delhi Capitals, Lucknow Super Giants )
        _fanclubâ¤ï¸â¤ï¸ fans fans",2025-05-27T16:09:25.000Z
https://www.instagram.com/p/DKC7a2Hyell/,39,"3w
Delhi Capitals end their IPL 2025 campaign with a winğŸ‘

                 2025  2025",2025-05-24T18:06:21.000Z
https://www.instagram.com/p/DJwB57ipoKn/,"1,811","4w
ğŸš¨ KL RAHUL AS OPENER FOR DC ğŸš¨ 

- KL Rahul is likely to open for Delhi Capitals in the remainder of IPL 2025. (Sahil Malhotra/TOI).

                   ncricket  ncricketteam  lovers   eamindia  er",2025-05-17T09:57:27.000Z
https://www.instagram.com/p/DHlVfzkimol/,958,"12w
ğŸ”¥ IPL Showdown Alert! ğŸ”¥

ğŸ The battle is on! Delhi Capitals âš”ï¸ take on Lucknow Giants in the 4th T20 match of the season! Whoâ€™s taking the win? ğŸ†

ğŸ“… Date: Monday, 24th March 2025
â° Time: 7:30 PM IST

Drop your predictions in the comments! â¬‡ï¸ğŸ¯",2025-03-24T13:14:14.000Z
https://www.instagram.com/p/DIhKke7BABY/,13,"9w
Starc steals the show! ğŸ’¥ Super Over madness & DC comes out on top! ğŸ’ª

ğŸ“¸: IG

Disclaimer: Photo belong to original creators. Shared for info only. No profit intended. DM for removal.
[IPL, IPL 2025, Mitchell Starc, Delhi Capitals, DCvsRR, Cricket Records]",2025-04-16T18:53:10.000Z
https://www.instagram.com/p/DJ6FHKIM56c/,"17,272","4w
à¤†à¤¯à¤ªà¥€à¤à¤²à¤®à¤§à¥à¤¯à¥‡ à¤ªà¥à¤²à¥‡à¤‘à¤« à¤—à¤¾à¤ à¤£à¥à¤¯à¤¾à¤¸à¤¾à¤ à¥€ à¤¶à¤¿à¤²à¥à¤²à¤• à¤…à¤¸à¤²à¥‡à¤²à¥à¤¯à¤¾ à¤à¤•à¤®à¥‡à¤µ à¤œà¤¾à¤—à¥‡à¤¸à¤¾à¤ à¥€ à¤¶à¤°à¥à¤¯à¤¤à¥€à¤¤ à¤…à¤¸à¤²à¥‡à¤²à¥à¤¯à¤¾ à¤®à¥à¤‚à¤¬à¤ˆ à¤‡à¤‚à¤¡à¤¿à¤¯à¤¨à¥à¤¸ à¤†à¤£à¤¿ à¤¦à¤¿à¤²à¥à¤²à¥€ à¤•à¥…à¤ªà¤¿à¤Ÿà¤²à¥à¤¸ à¤¯à¤¾à¤‚à¤šà¥à¤¯à¤¾à¤¤ à¤†à¤œ à¤¸à¤¾à¤®à¤¨à¤¾ à¤¹à¥‹à¤¤ à¤†à¤¹à¥‡. à¤¹à¤¾ à¤¸à¤¾à¤®à¤¨à¤¾ à¤œà¤¿à¤‚à¤•à¤²à¤¾, à¤¤à¤° à¤®à¥à¤‚à¤¬à¤ˆà¤²à¤¾ à¤à¤• à¤¸à¤¾à¤®à¤¨à¤¾ à¤¶à¤¿à¤²à¥à¤²à¤• à¤…à¤¸à¤£à¥à¤¯à¤¾à¤ªà¥‚à¤°à¥à¤µà¥€à¤š à¤¬à¤¾à¤¦ à¤«à¥‡à¤°à¥€ à¤¨à¤¿à¤¶à¥à¤šà¤¿à¤¤ à¤•à¤°à¤¤à¤¾ à¤¯à¥‡à¤£à¤¾à¤° à¤†à¤¹à¥‡, à¤ªà¤£ à¤¯à¤²à¥‹ à¤…à¤²à¤°à¥à¤Ÿà¤¸à¤¹ à¤†à¤œà¤ªà¤¾à¤¸à¥‚à¤¨ à¤®à¥à¤‚à¤¬à¤ˆà¤¤ à¤œà¥‹à¤°à¤¦à¤¾à¤° à¤ªà¤¾à¤µà¤¸à¤¾à¤šà¤¾ à¤…à¤‚à¤¦à¤¾à¤œ à¤µà¥à¤¯à¤•à¥à¤¤ à¤•à¤°à¤£à¥à¤¯à¤¾à¤¤ à¤†à¤²à¤¾ à¤†à¤¹à¥‡. 
à¤¯à¤¾ à¤¸à¤¾à¤®à¤¨à¥à¤¯à¤¾à¤ªà¥‚à¤°à¥à¤µà¥€ à¤¦à¤¿à¤²à¥à¤²à¥€ à¤•à¥…à¤ªà¤¿à¤Ÿà¤²à¥à¤¸à¤šà¥‡ à¤®à¤¾à¤²à¤• à¤ªà¤¾à¤°à¥à¤¥ à¤œà¤¿à¤‚à¤¦à¤¾à¤² à¤¯à¤¾à¤‚à¤¨à¥€ à¤¸à¤¾à¤®à¤¨à¤¾ à¤®à¥à¤‚à¤¬à¤ˆà¤à¤µà¤œà¥€ à¤¦à¥à¤¸à¤±à¥à¤¯à¤¾ à¤¶à¤¹à¤°à¤¾à¤¤ à¤–à¥‡à¤³à¤µà¤£à¥à¤¯à¤¾à¤šà¥€ à¤®à¤¾à¤—à¤£à¥€ à¤•à¥‡à¤²à¥€ à¤†à¤¹à¥‡. à¤ªà¤¾à¤°à¥à¤¥ à¤œà¤¿à¤‚à¤¦à¤¾à¤² à¤¯à¤¾à¤‚à¤¨à¥€ à¤¯à¤¾à¤¬à¤¾à¤¬à¤¤ à¤ªà¥à¤°à¤¤à¤¿à¤•à¥à¤°à¤¿à¤¯à¤¾ à¤¦à¤¿à¤²à¥€ à¤†à¤¹à¥‡. à¤¤à¥‡ à¤®à¥à¤¹à¤£à¤¾à¤²à¥‡, â€œà¤†à¤œà¤šà¤¾ à¤¸à¤¾à¤®à¤¨à¤¾ à¤…à¤¤à¥à¤¯à¤‚à¤¤ à¤®à¤¹à¤¤à¥à¤¤à¥à¤µà¤¾à¤šà¤¾ à¤†à¤¹à¥‡. à¤®à¤¾à¤¤à¥à¤°, à¤®à¥à¤‚à¤¬à¤ˆà¤¤ à¤ªà¤¾à¤µà¤¸à¤¾à¤šà¤¾ à¤¯à¤²à¥‹ à¤…à¤²à¤°à¥à¤Ÿ à¤œà¤¾à¤°à¥€ à¤•à¤°à¤£à¥à¤¯à¤¾à¤¤ à¤†à¤²à¤¾ à¤†à¤¹à¥‡. à¤¤à¥à¤¯à¤¾à¤®à¥à¤³à¥‡ à¤¹à¤¾ à¤¸à¤¾à¤®à¤¨à¤¾ à¤°à¤¦à¥à¤¦ à¤¹à¥‹à¤£à¥à¤¯à¤¾à¤šà¥€ à¤¶à¤•à¥à¤¯à¤¤à¤¾ à¤†à¤¹à¥‡. à¤…à¤¶à¤¾ à¤ªà¤°à¤¿à¤¸à¥à¤¥à¤¿à¤¤à¥€à¤¤ à¤¹à¤¾ à¤¸à¤¾à¤®à¤¨à¤¾ à¤¦à¥à¤¸à¤±à¥à¤¯à¤¾ à¤¶à¤¹à¤°à¤¾à¤¤ à¤–à¥‡à¤³à¤µà¤£à¥‡ à¤¯à¥‹à¤—à¥à¤¯ à¤ à¤°à¥‡à¤².â€ à¤®à¤¾à¤¤à¥à¤°, à¤†à¤œ à¤°à¤¾à¤¤à¥à¤°à¥€ 7:30 à¤µà¤¾à¤œà¤¤à¤¾ à¤¸à¤¾à¤®à¤¨à¥à¤¯à¤¾à¤²à¤¾ à¤¸à¥à¤°à¥à¤µà¤¾à¤¤ à¤¹à¥‹à¤£à¤¾à¤° à¤…à¤¸à¤²à¥à¤¯à¤¾à¤¨à¥‡ à¤¤à¥‹ à¤¤à¤¾à¤¤à¤¡à¥€à¤¨à¥‡ à¤¦à¥à¤¸à¤±à¥à¤¯à¤¾ à¤¶à¤¹à¤°à¤¾à¤¤ à¤¹à¤²à¤µà¤£à¥‡ à¤¶à¤•à¥à¤¯ à¤¨à¤¾à¤¹à¥€.
        ing   2025
IPL, IPL 2025, Mumbai Indians, delhi capitals, MI vs DC, wankhede stadium",2025-05-21T07:37:53.000Z
https://www.instagram.com/p/DJg8QXSp4fy/,"85,945","5w
Josh Hazlewood likely out for the season due to injury â€” a big setback for RCB ğŸŸ¥

And now, Mitchell Starc from Delhi Capitals ğŸŸ¦ likely says NO to IPL 2025!

        forever     fc",2025-05-11T13:19:29.000Z
https://www.instagram.com/p/DI9bLEiBuw6/,"6,620","7w
Our boys will be backğŸ’™â¤ï¸
@delhicapitals  @dctoli

[DC, Delhi Capitals, TATA IPL, cricket, DCvsRCB, trending]",2025-04-27T18:16:59.000Z
https://www.instagram.com/p/DJYncDmTIn3/,,"6w
ğŸ”¥ Battle at Mullanpur! 
PBKS take on DC in a thrilling contest â€” can Punjab dominate at home or will Delhi Capitals bounce back strong?

ğŸ“¸ Getty",2025-05-08T07:43:39.000Z
https://www.instagram.com/p/DKDV1w9h_Y-/,7,"3w
ğŸğŸ’™ Delhi Capitals isnâ€™t just a team â€” itâ€™s my passion, my story, my dream.

From day one, Iâ€™ve been hooked on every ball, every boundary, every moment on the field. 
Despite the ups and downs, my faith in DC is unshakable. 

Now, Iâ€™m starting this journey as @theharshcricket â€” to share my love, insights, and the spirit of Delhi Capitals with you all. 

One day, I want to be right inside the DC media camp, living and breathing this game.

If you bleed blue like me, hit that follow button and letâ€™s ride this IPL season together! 
Comment your favorite Delhi Capitals player ğŸ‘‡",2025-05-24T21:57:15.000Z
https://www.instagram.com/p/DGInG5kvSsc/,109,"17w
Delhi Capitalsâ€™ Battle Plan is Set! ğŸ’™

The complete IPL 2025 schedule is here ğŸ

ğŸ“¸: JioHotstar",2025-02-16T12:58:43.000Z
https://www.instagram.com/p/DGk4YEOSUc1/,,"Edited
â€¢
Delhi capitals appointed Kevin Pietersen as mentor for IPL 2025",2025-02-27T12:30:15.000Z
https://www.instagram.com/p/DJoZSuIS5uV/,"26,890","5w
ğŸš¨ NEWS : Mustafizur Rahman replaces Jake Fraser-McGruk in Delhi Capitals.",2025-05-14T10:47:53.000Z
https://www.instagram.com/p/DGQ3EhPSQPc/,150,"17w
DELHI CAPITALS BEAT UP WARRIORZ BY 7 WICKETS..!!!!",2025-02-19T17:52:08.000Z
https://www.instagram.com/p/DK4YjjkzUJ0/,16,"6d
Did you know Axar Patel started as a fast bowler before becoming Indiaâ€™s go-to spinner?
From domestic debut to becoming T20 Vice-Captain and captain of Delhi Capitals, his journey is all grit and grind.

And guess what? He took 7 wickets in his Test debut that too against England! ğŸ‡®ğŸ‡³ğŸ’¥

ğŸ‘‰ Which Axar moment do you remember the most?

          updates news  india  news updates",2025-06-14T12:20:42.000Z
https://www.instagram.com/p/DI-miivT7Zr/,"11,480","7w
Delhi Capitals have used 5 opening pairs in this season ( most by any team in IPL 2025 )",2025-04-28T05:15:33.000Z
https://www.instagram.com/p/DJ8jErBPedY/,"7,145","4w
ğŸ Seasons: 18
ğŸ† Champions: 0
ğŸ¥ˆ Runners-up: 1
ğŸ¥‰ Playoff Appearances: 6
âŒ League Stage Exits: 12

From 2008 to 2025, Delhi Capitals have reached the final only once and are still in pursuit of their first IPL title!ğŸ’”",2025-05-22T06:38:10.000Z
https://www.instagram.com/p/DIESub4Tlc9/,,"10w
Delhi Capitals win in Chepauk after 15 years! Move to the top of the table!",2025-04-05T13:46:27.000Z
https://www.instagram.com/p/DIhHcbfyVVr/,446,"9w
Delhi capitals won the super over ğŸ”¥
        
  #
    
  
  
       
â©â© Must follow for latest updates ğŸ“¢
ğŸ‘‰ğŸ‘‰ @thecrickettime.in 
ğŸ‘‰ğŸ‘‰ @thecrickettime.in 
ğŸ‘‰ğŸ‘‰ @thecrickettime.in 
ğŸ‘‰ğŸ‘‰ @thecrickettime.in",2025-04-16T18:25:51.000Z
https://www.instagram.com/p/DIjiuL7vV3G/,14,"9w
ğŸ”¥ DELHI CAPITALS TURNED UP THE HEAT! ğŸ”¥
From 111/4 in 15 overs to smashing 77 runs in the final 5! ğŸ’¥

What a finish! What a fight! ğŸ’ª
This is how you make a statement in ! ğŸ’™â¤ï¸

DC fans, how loud did you cheer for this comeback? 
ğŸ”Š Drop ğŸ”¥ in the comments if you loved this power-packed finish!

Follow ğŸ‘‰ @mahilohendra for non-stop cricket energy âš¡",2025-04-17T17:02:41.000Z
https://www.instagram.com/p/DIvqjvKytJk/,,"8w
Lucknow Super Giants ğŸ†š Delhi Capitals ğŸğŸ”¥

A fierce IPL clash! Who takes the win? ğŸ’°ğŸ†

Bet now ğŸ‘‰ syms.cc/inu3oo",2025-04-22T10:02:07.000Z
https://www.instagram.com/p/DJqpmz-Noos/,35,"5w
Delhi Capitals' New Weapon: Mustafizur Rahman ğŸ’¥",2025-05-15T07:48:55.000Z
https://www.instagram.com/p/DJTkMghTZO_/,119,"6w
Delhi Capitals in IPL 2025 so far ğŸ‘€ 

 2025",2025-05-06T08:39:07.000Z
https://www.instagram.com/p/DIhGyvdTlfN/,,"9w
Delhi Capitals beat Rajasthan Royal in the super over",2025-04-16T18:20:10.000Z
https://www.instagram.com/p/DJtjFDrtDuh/,5,"5w
Delhi Capitals hit with major setbacks ahead of IPL 2025 restart! Four overseas stars unavailable! 
       Restart Squad      News",2025-05-16T10:49:40.000Z
https://www.instagram.com/p/DJZDwPxShpQ/,,"6w
Get ready for the showdown tonight!
Delhi Capitals vs Punjab Kings â€“ 8th May, 7:30 PM
Big match, bigger wins with 100XWINS
âš¡Up to 50% Bonus on New ID
âš¡15% Bonus on Every Refill
âš¡1 Min Deposit | 5 Min Withdrawal

Join now & get your ID!

       

WhatsApp: +44 7587 966829
Instagram: @100xwinsofficial
Website: 100-x.win",2025-05-08T11:51:04.000Z
https://www.instagram.com/p/DJ8NjvoyU9R/,"2,222","4w
Delhi Capitals failed to qualify even after winning first 4 matches. ğŸ¤âŒ",2025-05-22T03:31:00.000Z
https://www.instagram.com/p/DHynKUTzSQF/,"2,017","11w
DC vs SRH: The Battle for Dominance!

Get ready for a thrilling encounter as the Delhi Capitals take on the Sunrisers Hyderabad! KL Rahul is back and Axar Patel is ready to take on Pat Cummins and Travis Head. Hereâ€™s your ULTIMATE MATCH PREVIEW!

Key Players to Watch
Head-to-Head Stats
Pitch Report & Conditions

Donâ€™t miss out!",2025-03-29T16:58:43.000Z
https://www.instagram.com/p/DIifWgZyBAZ/,"734,492","Edited
â€¢
RR wicketkeeper @dhruvjurel in action during the Indian Premier League 2025 cricket match between Rajasthan Royals (RR) and Delhi Capitals (DC), at Arun Jaitley Stadium in New Delhi, Wednesday, April 16, 2025.@arunsharmaht 

On assignment @ptinews_multimedia 

            capitals",2025-04-17T07:44:47.000Z
https://www.instagram.com/p/DJj-8ErSeN6/,445,"5w
The match between Punjab Kings and Delhi Capitals has been rescheduled to 24th May, 2025ğŸ™Œ

ğŸ“¸: IPL/BCCI

         2025  2025",2025-05-12T17:40:39.000Z
https://www.instagram.com/p/DIRl1fzvsiB/,7,"10w
DC Thrash RCB! Delhi Capitals Win by 6 Wickets in IPL 2025 Match 24 
          vsDC    InTrouble 2025    Struggles",2025-04-10T17:43:35.000Z
https://www.instagram.com/p/DGm8IZCMcHw/,,"16w
ğŸ Game Day! ğŸ
The battle is on as Delhi Capitals take on Mumbai Indians in an electrifying cricket showdown! Who will seize the win today? ğŸ†ğŸ”¥

ğŸ“… Date: 28th February
ğŸ“ Game: Delhi Capitals vs Mumbai Indians

ğŸ“± Join now: www.megabook.bet
ğŸ“± Need help? Reach us via WhatsApp: wa.link/megabook

     Fans    India Match",2025-02-28T07:39:39.000Z
https://www.instagram.com/p/DIiJNk7yIsL/,2,"9w
Delhi Capitals seal the win in the Super Over! ğŸ™Œ

Back-to-back thrillers in IPL 2025! ğŸ”¥",2025-04-17T04:00:33.000Z
https://www.instagram.com/p/DHl3MRwziGm/,628,"Edited
â€¢
WHAT A HISTORIC CHASE BY DC YOUNGSTERSğŸ¤©ğŸ’™

Delhi Capitals Won by 1 wicket ğŸ¤¯

ğŸ“¸Â©IPL

 2025",2025-03-24T18:09:24.000Z
https://www.instagram.com/p/DHOuDYRTrMN/,77,"13w
ğ‘¨ğ’ˆğ’ğ’ğ’š ğ’Šğ’ ğ’•ğ’‰ğ’† ğ‘­ğ’Šğ’ğ’‚ğ’ğ’”! ğŸ˜¢

Three seasons, three finals, three heartbreaking losses for Delhi Capitals ğŸ†ğŸ’”",2025-03-15T18:26:15.000Z
https://www.instagram.com/p/DIRnwYeMxmP/,"17,591","10w
DC UNDER AXAR PATEL>>>ğŸ”¥

Delhi Capitals is yet to lose a match in this IPL 2025ğŸ’¯",2025-04-10T18:00:21.000Z
https://www.instagram.com/p/DGFFPGLS1zI/,4,"18w
ğŸ ITâ€™S GAME TIME! ğŸ

ğŸš¨ Delhi Capitals vs Mumbai Indians ğŸš¨
ğŸ“ Venue: BCA Stadium, Vadodara
ğŸ“… Date: 15/02/2025
â° Time: 7:30 PM

ğŸ”¥ The stakes are high, the energy is electric, and the battle for glory is ON! Will Delhi Capitals bring the fire, or will Mumbai Indians steal the show? ğŸŒŸ

ğŸ’¬ Drop your predictions & tag your squad! Whoâ€™s taking the WIN? ğŸ†ğŸ‘‡

        team   ğŸ’™     poster",2025-02-15T04:05:06.000Z
https://www.instagram.com/p/DDnw1g4yQuO/,,"26w
Delhi Capitals look to fine-tune squad at WPL 2025 Player Auction
 l  l 
http://www.vannewsagency.com/detailsnews?newsid=VN18529619312",2024-12-16T01:46:01.000Z
https://www.instagram.com/p/DKC8BFhzpF4/,6,"3w
What a chase by Delhi Capitals! ğŸ”¥ğŸ’™
Under pressure and under lights, DC hunted down the target with style and steel! ğŸâš¡
Sameer Rizviâ€™s blazing 58 ğŸ”¥ and a calm finish sealed the 6-wicket win over Punjab! ğŸ™Œ
Playoff hopes still alive. Dilli ka jazbaa on full display! ğŸ’ª",2025-05-24T18:11:34.000Z
https://www.instagram.com/p/DH2RPKNSsVQ/,,"11w
Ghibli, Delhi CapitalsğŸ’™ğŸ¯ 

Meg Lanning,",2025-03-31T03:04:05.000Z
https://www.instagram.com/p/DK_3Qm-IjD_/,672,,2025-06-17T10:03:42.000Z
https://www.instagram.com/p/DIwiFSytZK4/,,"8w
Dominant display by Delhi Capitals as they secure a comprehensive 8-wicket win over Lucknow Super Giants! ğŸ¥¶

Thatâ€™s the 6th win for DC in IPL 2025â€¦!!! The momentum is building strong heading into the second half! 
     2025",2025-04-22T18:07:13.000Z
https://www.instagram.com/p/DKBeC0PttVm/,,"4w
ğŸ”¥ IPL 2025 | Match 66 â€“ Punjab Kings vs Delhi Capitals!

ğŸ“… Date: May 24, 2025
ğŸ•¢ Time: 7:30 PM

ğŸ PBKS ğŸ†š DC â€“ Who's your pick for glory tonight?

ğŸ’¸ Play Now | Win Big on MY99EXCH.AI
ğŸ“² WhatsApp Us: +91 9488810067

Itâ€™s time to turn your cricket craze into real cash rewards!",2025-05-24T04:30:25.000Z
https://www.instagram.com/p/DGxjrB0x88v/,,"15w
A new era awaits Delhi Capitals! ğŸğŸ”¥
Will it be Axar Patel, KL Rahul, or Faf du Plessis leading the charge in IPL 2025? 

Share your thoughts and let the debate begin! ğŸ’¬âš¡",2025-03-04T10:37:35.000Z
https://www.instagram.com/p/DI09VRkRw_0/,,"Edited
â€¢
Delhi capitals are on a mission in IPL 2025 ğŸğŸ’¥",2025-04-25T05:57:00.000Z
https://www.instagram.com/p/DIg7jviPYRi/,15,"9w
ğŸ’¥WHAT A FINISH BY DELHI CAPITALS!
ğŸ”¥From 111/4 in 15 overs to 188/5 in 20 â€” DC turned the game around in style!
ğŸ’¥This is how you make a statement in the death overs!

    

ğŸCricket fans, did you expect this turnaround? Let us know your thoughts below!

      Fans",2025-04-16T16:41:59.000Z
https://www.instagram.com/p/DKC-npQBKm0/,372,"3w
We B.E.L.I.E.V.E. â¤ï¸ğŸ’™
We stand by youâ€”today and always. @delhicapitals
@dctoli 

[Heartbreak, TATA IPL, loyalty, DC, Delhi Capitals, Final match, DC vs PBKS]",2025-05-24T18:34:18.000Z
https://www.instagram.com/p/DHlOthxTIy1/,42,"12w
Delhi Capitals are ready to dominate the field, and weâ€™re here to dominate the forex game! Get the best exchange rates and seamless international transactions with EbixCash World Money. ğŸŒğŸ’¸

ğŸ’™ Fast. Reliable. Hassle-Free. Just like DCâ€™s power-packed performances!",2025-03-24T12:14:56.000Z
https://www.instagram.com/p/DKELkCWzWAH/,"28,851","3w
Well played Delhi CapitalsğŸ’™ğŸ‘ğŸ½",2025-05-25T05:46:40.000Z
https://www.instagram.com/p/DJ3OuG5JHLO/,233,"4w
delhi capitals 2019-2021 erağŸ¥º

                   
   century         
@shreyasiyer96 @rishabpant @lucknowsupergiants @shikhardofficial @delhicapitals",2025-05-20T05:04:07.000Z
https://www.instagram.com/p/DIEuXIGyI04/,394,"10w
Delhi Capitals are the only unbeaten team in the IPL so far ğŸ”¥",2025-04-05T17:47:56.000Z
https://www.instagram.com/p/DGn8MNRyXcO/,78,"16w
DELHI CAPITALS - TOP OF THE POINTS TABLE IN WPL 2025 ğŸ†

  2025",2025-02-28T16:59:25.000Z
https://www.instagram.com/p/DJCAhg5TAuo/,,"7w
Ready for an epic battle!ğŸ‘‘
Can the Delhi bowlers contain the Kolkata batsmen?ğŸ

ğŸ Delhi Capitals vs Kolkata Knight Riders 
ğŸ“… April 29 | 7:30 PM IST
ğŸ“º Watch it LIVE on Crix11!

           fans

[ live casino, sports betting, cricket betting, ipl betting, bet on ipl 2025, IPL2025, KKRvsDC, IPL LIVE MATCH ]",2025-04-29T13:00:19.000Z
https://www.instagram.com/p/DJBfsgSzDP5/,47,"Edited
â€¢
Watching my first live IPL match â€” Delhi Capitals vs Royal Challengers Bangalore â€” was nothing short of magical.

I witnessed something truly unforgettable on 27th April 2025.

As someone who is a Delhi Capitals fan through and through, my heart was, of course, rooting for them.
Even though the total wasnâ€™t massive, the way DC kept fighting for every ball was inspiring to watch.

And yet, sitting there in the stands, I couldnâ€™t help but be in complete awe of how Bangalore turned their game around.

Bangalore stumbled early â€” 25/3 in 4.1 overs. Most would have thought itâ€™s over. But thatâ€™s when true character shines through.

Virat Kohli and Krunal Pandya rebuilt the innings with quiet determination. They didnâ€™t let a collapse define them. They stayed. They fought. They won.

And somewhere amidst the roars of the crowd, I realized â€” this is life.

Youâ€™ll fall. Youâ€™ll get bowled over. Life will throw impossible situations.
But as long as you show up, fight back, and trust your process, youâ€™re already winning.

This match wasnâ€™t just about cricket. It was a masterclass in resilience and sportsmanship.

Hereâ€™s to never giving up â€” no matter what the scoreboard says.

Picture Credits: Photos sourced from the official Instagram pages of Delhi Capitals and Royal Challengers Bangalore.",2025-04-29T08:14:22.000Z
https://www.instagram.com/p/DIhG1jSSMQb/,4,"9w
Delhi Capitals seal the win in the Super Over! ğŸ™Œ

Back-to-back thrillers in IPL 2025! ğŸ”¥",2025-04-16T18:20:33.000Z
https://www.instagram.com/p/DE5ABUtN7gh/,,"22w
Axar Patel to captain Delhi Capitals this year !!",2025-01-16T14:57:11.000Z
https://www.instagram.com/p/DJ3YbLJyvuZ/,341,"4w
Here are the IPL 2025 playoff scenarios for Mumbai Indians and Delhi CapitalsğŸ™Œ

Swipe to see the full albumâªâª

  ğ“ƒµ                2025",2025-05-20T06:28:55.000Z
https://www.instagram.com/p/DHL6mn5R-Ux/,2,"14w
Delhi Capitals' Captaincy Timeline! ğŸ”µâœ¨

Axar Patel becomes the 14th captain to lead the franchise in IPL history ğŸ¤

Can he be the first to bring the trophy home? ğŸ†ğŸ¤”",2025-03-14T16:18:12.000Z
https://www.instagram.com/p/DIQDuNESyFu/,3,"10w
Delhi Capitals vs Royal Challengers Bengaluru 
Indian Premier League 2025 

 2025",2025-04-10T03:26:15.000Z
https://www.instagram.com/p/DIEIP_tIDVw/,"9,898","10w
Both in delhi capitals ğŸ”¥ğŸ”¥ğŸ”¥
   

Follow @cricket_news_analysis for more update.

ğŸ“·gettyimage
ğŸ“·BCCI/IPL",2025-04-05T12:14:56.000Z
https://www.instagram.com/p/DIxz4cUsOEt/,2,"8w
Dominant win for Delhi Capitals! ğŸ’™ğŸ”¥
Chasing 159, DC put on a clinical batting performance to reach 161/2 in just 17.5 overs, sealing a convincing 8-wicket win over Lucknow Super Giants! ğŸ’ªğŸ‘ https://cric-mate.com/latestnews/lsg-vs-dc-highlights-delhi-capitals-win-by-8-wickets-in-ipl-2025-match-40
 
ğŸ† Player of the Match: Mukesh Kumar â€“ delivered a brilliant spell of 4/33, setting the tone early with the ball! ğŸ¯ğŸ’¥",2025-04-23T06:02:00.000Z
https://www.instagram.com/p/DIEwnveT7Os/,"18,535","10w
Delhi Capitals are currently the only unbeaten team in IPL 2025!ğŸ”¥",2025-04-05T18:07:42.000Z
https://www.instagram.com/p/DIwDsz5Pxpe/,,"8w
ğŸDELHI CAPITALS ğŸ†š LUCKNOW SUPER GIANTS ğŸ
ğŸ’¸ Why wait for luck when you can make it happen?
Join Baaziii365.com today for nonstop excitement, thrilling games, and BIG rewards!
ğŸ”¥ Click now to play! www.baaziii365.com
Get ID - https://wa.me/917738069581",2025-04-22T13:41:45.000Z
https://www.instagram.com/p/DKrCyfjtPfc/,18,"1w
Behind the Scenes of the IPL ğŸ

From packed stadiums to midnight recovery sessions â€” get an inside look at what itâ€™s really like to be a physiotherapist in one of the worldâ€™s biggest cricket leagues.

Working with the Delhi Capitals during IPL18 was intense, inspiring, and unforgettable.

ğŸ‘‰ Curious about the highs, the hustle, and the healing?
Read the full story on our website blog now. https://dbnphysio.com/inside-the-ipl-my-experience-in-crickets-grandest-league/

     @renaavsinghphysiotherapy",2025-06-09T08:00:22.000Z
https://www.instagram.com/p/DG4t6gUvnVD/,14,"15w
1ï¸âƒ£ Gujarat Giants ğŸ†š Delhi Capitals (TATA WPL 2025) ğŸ“¢ğŸ”¥
ğŸ TATA WPL 2025 | 17th T20 Match
ğŸ“… Friday, 7th March 2025
â° 7:30 PM IST

âš¡ Who will dominate this epic showdown? Gujarat Giants or Delhi Capitals? âš¡

ğŸ’° Play & Win Real Cash on Action777.club!
âœ… 24x7 Online Games
âœ… Self Deposit & Withdrawal
âœ… 100% Legal & Trusted

ğŸ“¢ Sign Up Now ğŸ‘‰ www.action777.club",2025-03-07T05:21:45.000Z
https://www.instagram.com/p/DHGW-yzpaYo/,632,"14w
Delhi Capitals dominate! ğŸ‘‘ 3rd consecutive WPL final under Meg Lanningâ€™s brilliant leadership! ğŸ”¥",2025-03-12T12:30:43.000Z
https://www.instagram.com/p/DHKpqkzI85U/,16,"14w
ğŸš¨BREAKINGğŸš¨

Axar Patel Named Delhi Capitals Captain Ahead Of IPL 2025 Season!",2025-03-14T04:30:57.000Z
https://www.instagram.com/p/DIfpF0aCOTa/,,"9w
Delhi Capitals vs Rajasthan Royals 
Indian Premier League 2025 

  2025",2025-04-16T04:41:25.000Z
https://www.instagram.com/p/DHOTqrwtY9Q/,199,"13w
Geared up. Game on. Hereâ€™s wishing team Delhi Capitals all the very best as they take the field todayâ€”time to rise, roar, and rule! ğŸâœ¨

 Sports",2025-03-15T14:35:41.000Z
https://www.instagram.com/p/DJ7PWK2B71p/,"15,626","4w
Four consecutive seasons without a playoff spot for Delhi Capitals! ğŸ˜¢âŒ

The wait continues for DC to lift their first-ever IPL trophy ğŸ’”",2025-05-21T18:26:33.000Z
https://www.instagram.com/p/DJzezTThdPK/,"225,461","4w
Delhi Capitals ğŸ«¡

  capitals",2025-05-18T18:07:41.000Z
https://www.instagram.com/p/DHlW_IJSOJi/,"38,505","12w
ğŸš¨ NEWS : KL Rahul will miss the first match of Delhi Capitals as he's expecting the birth of his first child.",2025-03-24T13:27:14.000Z
https://www.instagram.com/p/DJaPsJcz5QE/,5,"6w
Following a floodlight failure, the match between Punjab Kings and Delhi Capitals has been called off,",2025-05-08T22:54:36.000Z
https://www.instagram.com/p/DJSAwIYyepg/,91,"6w
Delhi Capitals hang on in the race for the playoffs while Sunrisers Hyderabad have been eliminatedğŸ™Œ

            2025",2025-05-05T18:10:10.000Z
https://www.instagram.com/p/DGGHJwHSRAx/,,"17w
ğŸš¨ TOSS UPDATE ğŸš¨

Delhi Capitals won the toss and opted to bowl first ğŸ

Mumbai Indians (Playing XI): Hayley Matthews, Yastika Bhatia(w), Nat Sciver-Brunt, Harmanpreet Kaur(c), Amelia Kerr, Sajeevan Sajana, Amanjot Kaur, Jintimani Kalita, Sanskriti Gupta, Shabnim Ismail, Saika Ishaque

Delhi Capitals (Playing XI): Shafali Verma, Meg Lanning(c), Alice Capsey, Jemimah Rodrigues, Annabel Sutherland, Niki Prasad, Sarah Bryce(w), Shikha Pandey, Arundhati Reddy, Minnu Mani, Radha Yadav",2025-02-15T13:41:01.000Z
https://www.instagram.com/p/DKEQFApujiG/,60,"3w
What an adventurous match ğŸ‘

""The way Delhi Capitals rocked and took over the game was a blissful sight to behold.""

[ Ipl, ipl 2025,Punjab Kings, Delhi Capitals, cricket, match, jaipur]",2025-05-25T06:26:06.000Z
https://www.instagram.com/p/DKl8qpJs5-T/,655,"1w
Delhi Capitals head coach Hemang Badani reveals the reason behind T Natarajan's lack of game time in IPL 2025.

   2025",2025-06-07T08:30:39.000Z
https://www.instagram.com/p/DIwDdUmhGfn/,,"8w
ğŸDELHI CAPITALS ğŸ†š LUCKNOW SUPER GIANTS ğŸ
ğŸ’¸ Why wait for luck when you can make it happen?
Join Baaziii365.com today for nonstop excitement, thrilling games, and BIG rewards!
ğŸ”¥ Click now to play! www.baaziii365.com
Get ID - https://wa.me/917738069581
                s",2025-04-22T13:39:39.000Z
https://www.instagram.com/p/DJ7OqCTBSGL/,,"4w
Mumbai Indians through to the Playoffs with a comprehensive win over Delhi Capitals..!! ğŸ”¥ğŸ”¥

ğŸ“·: Â© IPL/BCCI

(IPL, IPL 2025, Indian premier leage, Mi vs DC, Mumbai Indians, Suryakumar Yadav, Playoffs)

  2025",2025-05-21T18:20:31.000Z
https://www.instagram.com/p/DGJomAXT0ws/,5,"17w
Delhi Capitalsâ€™ Battle Plan is Set! ğŸ’™

The complete IPL 2025 schedule is here ğŸ",2025-02-17T01:00:22.000Z
https://www.instagram.com/p/CXShGa8PtHK/,"1,673","184w
ğŸ¾ LoverğŸ˜ğŸ¤

@shreyas41 @rohini.iyer.338
     ian 41 41      ncricketer ncricket",2021-12-10T04:43:07.000Z
https://www.instagram.com/p/Cru2QvUPWwn/,50,"112w
Stylish girl ğŸ˜

@shafalisverma17",2023-05-02T07:14:38.000Z
https://www.instagram.com/p/CpSTe4kKbX8/,"1,303","120w
Delhi Capitals squad ready to  ğŸ¯

ğŸ“¸: Delhi Capitals |  2023",2023-03-02T12:09:14.000Z
https://www.instagram.com/p/DJzm3gyu3vw/,"1,188","5w
Home games complete! Roar Macha foreverğŸğŸ’™ @delhicapitals @iplt20",2025-05-18T19:18:09.000Z
https://www.instagram.com/p/CnLl7QjPl3-/,522,"Edited
â€¢
Yeh Chaand Sa Roshan Chehera ğŸ˜šğŸ˜‡ğŸ™ˆâ¤ï¸
Follow âœ  @rishabh_17_fangirl 
â˜…â˜…â˜…â˜…â˜…â˜…â˜…â˜…â˜…â˜…â˜…
DT || @rishabpant 
â˜…â˜…â˜…â˜…â˜…â˜…â˜…â˜…â˜…â˜…â˜…
              power astic  world  17  777  fans  fanpage    world  lovers",2023-03-03T17:34:59.000Z
https://www.instagram.com/p/DJ6y4qABQS2/,54,"Edited
â€¢
@fafdup 
Finally, we met! 
I've always admired the 2012 Adelaide Test against Australia; that epic innings inspired so many. When I told him I share the same birthday as you, he said, ""Nice, man! You will always outshine number 13."" Guys are like that! ğŸ˜ 
 2025",2025-05-21T14:26:07.000Z
https://www.instagram.com/p/C6stAVvS_Y8/,"2,278","58w
Dil se CSK 
But in delhi dilliğŸ™‚ 
   capitals",2024-05-08T07:06:12.000Z
https://www.instagram.com/p/C4dtKhIyeqM/,389,"66w
As a fan I feel so happy to Post these latest  pics of him practicing ...We all fan waiting for this day and here we are...ğŸ¥ºğŸ¤Œ
From 30 /12 / 2023 to Now only we all fans know how much we  had to suffer, We Miss pant in each and every single sec ..Now our turn we will rule 15 years stars now ..I am thankful for each and  every Rishabian who faced those tough timesğŸ™Œ

TAGSğŸ’•",2024-03-13T18:16:11.000Z
https://www.instagram.com/p/C7Vn9BHBF5b/,"17,538","56w
This still feels like yesterday ğŸ«¶ 

A season to remember, we will miss watching our boys in ğŸ’™&â¤ï¸",2024-05-24T04:30:55.000Z
https://www.instagram.com/p/DLHNOHAI_ua/,113,"4d
DC Utsav 2025 - a celebration with JSWâ€™s dealer community across 4 cities - an opportunity for us to throw in that  with all the flare and razzmatazz of any of our flagship events.

Connections and conversation; blended beautifully with stories from Indian cricket playersâ€™ finest circle; to high energy hi-teas and interactive Q&Aâ€™s and a spectacle of camaraderie at the live matches!",2025-06-20T06:30:06.000Z
https://www.instagram.com/p/CpFte2KNNkp/,"3,583","121w
Which is your favourite IPL team?

Follow @SportsClaus for Amazing Edits

 2023",2023-02-25T14:46:16.000Z
https://www.instagram.com/p/CsTKrNayYgf/,417,"110w
BlackğŸŒğŸ–¤âœ¨

@shreyasiyer96  @rohiyer03
     ian 41 41      ncricketer ncricket",2023-05-16T09:45:40.000Z
https://www.instagram.com/p/DCBQBHtNSoz/,150,"32w
Shining bright like diamonds ğŸ˜ğŸ‘

Nikhil Yadav was named POTM for his 4-wicket haul in the tournament opener against CFS CA (UK). ğŸ¥‡

While the skipper of CFS CA (UK), Ayush Baluja's, smashing 66 runs innings, was named the Most Stylish Player of the Match. ğŸ’¯ğŸ

DC Academy | Delhi Capitals Cricket Academy | DC Cricket Academy | Cricket | Delhi Capitals | Roar Macha",2024-11-06T06:16:43.000Z
https://www.instagram.com/p/C3zzDgMhHaB/,"7,593","69w
Hear The Roar Within!â¤ï¸â€ğŸ”¥",2024-02-26T11:39:33.000Z
https://www.instagram.com/p/DJD2dnrxF-B/,5,"7w
At the legendary Arun Jaitley stadium(Feroz shah kotla),New Delhi for IPL match between Host(DC) vs Defending Champion(KKR). Thanks to Delhi for the corporate tickets & hospitality at Tata Neu Box..",2025-04-30T06:10:54.000Z
https://www.instagram.com/p/CPQAlq3DQMz/,82,"213w
This is the last one in the 'Mid Season Review' series of the very dominant @delhicapitals ğŸ’™

Thank you so much for the support y'all, really grateful:')

Having a glorious run since last season and even this time around in the absence of their star player Shreyas Iyer, DC has managed to maintain that consistency and assert dominance in all the matches so far. ğŸŒŸ

All their departments clicked and they look like a formidable unit even title contenders led by the effervescent Rishabh Pant.ğŸ™ŒğŸ»

This thread focuses on some parameters that have helped them climb the summit and the top of the table. Do check it out and share it widely.

ğŸ“¸: Delhi Capitals Instagram Handle",2021-05-24T09:09:24.000Z
https://www.instagram.com/p/C62IWBwyf6m/,971,"58w
Poster of the day @akshar.patel 
      ğŸ’™ğŸ¯ğŸ¯ğŸ¯ğŸ’™ ğŸğŸ†",2024-05-11T22:58:15.000Z
https://www.instagram.com/p/CrfflPeBKEh/,"1,555","112w
Roar Machaa! ğŸ…
@davidwarner31 @iplt20 @delhicapitals 
 fanclub    2023",2023-04-26T08:07:51.000Z
https://www.instagram.com/p/Cih5nnnv6yL/,609,"Edited
â€¢
The big hitter - Sam Billings ğŸ‘ğŸ¤—ğŸ’ª
@delhicapitals @audacebs @sambillings 
        styles color transformation",2022-09-15T13:52:28.000Z
https://www.instagram.com/p/C43WO3xSQ-t/,37,"Edited
â€¢
Every run felt like a win, every run was enjoyedğŸ¤ŒğŸ¥º",2024-03-23T17:18:44.000Z
https://www.instagram.com/p/DBPjihDzWgR/,157,"Edited
â€¢
2024 batch, experiences, memories and learnings that will last a lifetime! DC is a vibe like none other since the very start of our own journey ğŸ’™",2024-10-17T23:07:44.000Z
https://www.instagram.com/p/Cd0Uza4vTWz/,"6,577","161w
Full on support baazi ğŸ˜ğŸ˜
tags ğŸ‘‡ 

                         memes",2022-05-21T10:58:12.000Z
https://www.instagram.com/p/DIp7NHiozUz/,283,"9w
Always a very special place to visit - got lucky on this mini trip that @delhicapitals  were fixtured to play @gujarat_titans in Ahmedabad.

Ahmedabad and Gujarat was the first place in India that Dad ever visited. And it now holds a special place in both our hearts because of the people we now call friends and our Indian family.

Modi is one of my favourite stadiums soley because itâ€™s beautiful and huge ( 130k ! ) 

Always unreal to watch some incredible talent on display and to catch up with old friends we have met along the way.

A pleasure to reconnect with our mate the CEO of Gujarat Cricket association Jogani Sir in terms that you all back home will understand, he is the Top dog of Gujrati Cricket and to know he goes out of his way to personally welcome us and make us feel at home in his stadium is truly remarkable.

Grateful to of caught up with him and seen his office. We might need to upgrade our YoungGun offices ğŸ˜‰

Special thanks to our friend Rajesh and as always the man who orchestrates it all from afar @gopaljasapara 

IPL no matter where in India is a surreal experience and one we are lucky to experience. 

They live and breathe cricket even when the usual resources arenâ€™t unavailable they find a way ( even if itâ€™s means hitting the fat Aussie dude with a stick. - my personal highlight of the dayğŸ˜œ

Exciting part of the trip to come, this morning we are en route to our favourite place in India with one planned stop that we know of.

We are off to visit our friends in Hitmanager @vimaldesai06677 before we head to our happy place in India and our home away from home Deesa and the wonderful @tcd_cricket_deesa 

Stay tuned for another incredible day in India and all of you at home will probably be as surprised as we are with what we find.

Catch you soon.",2025-04-20T04:32:06.000Z
https://www.instagram.com/p/DJn9idMTf8I/,185,"5w
The wait is over!
After an unexpected suspension, IPL is back in action. Delhi Capitals return to the field this Sunday, ready to roar again after 4 long days. Let the battle begin at Arun Jaitley Stadium!

        

Delhi Capitals
Date: Sunday
Venue: Arun Jaitley Stadium
Mood: Charged up & ready to conquer!
Letâ€™s go, Dilli!

Let the roars echo once more!
Lal Qila se leke Arun Jaitley tak â€“ sirf Dilli ka naam chalega!
Dilliâ€¦ Dilliâ€¦ Dilli!",2025-05-14T06:45:23.000Z
https://www.instagram.com/p/C7BBmzTtpt3/,"168,138","57w
Dilli, you deserve every bit of this â¤ï¸

A big thank you for your support forever & always ğŸ«¶",2024-05-16T04:31:02.000Z
https://www.instagram.com/p/DKRTPZjT9aE/,148,"Edited
â€¢
Great year ğŸ’™ @delhicapitals 
 ğŸ¯",2025-05-30T08:10:32.000Z
https://www.instagram.com/p/DIauTqjBxQ6/,"11,572","10w
Full circle moment today. Took the niece and nephew for a net session where it all began for me all those years ago ğŸ¥² they love wearing their @delhicapitals match shirts   

ğŸ“·: @sarah.jonassen 

| @emma_pershouse | @richiepershouse | @cquniversity |",2025-04-14T06:50:46.000Z
https://www.instagram.com/p/CpcsOsTNrq7/,"36,458","Edited
â€¢
Is this right for the IPL? ğŸ‘€

Play and win on the most trusted Gaming
site in India @gugobet

http://www.gugobet.com

Follow @SportsClaus for Amazing Edits

 2023",2023-03-06T13:17:57.000Z
https://www.instagram.com/p/CZ8tQg2JTN8/,,"175w
@sakariya.chetan abhi se hi  raha hain ğŸ¤©

Looking forward to see you celebrate in style on the field ğŸ’ªğŸ¼",2022-02-14T07:00:20.000Z
https://www.instagram.com/p/DKEpWO4vcyc/,,"4w
Narration of DC vs PBKS:

Writes @suave_sweee 

Link to the article in the description

              

https://goworldwide.co.in/pbks-vs-dc-chased-with-grace-dc-signed-off-with-style/",2025-05-25T10:06:55.000Z
https://www.instagram.com/p/C6IhCbfijr_/,8,"61w
Whole world is your fan but i am your devotee...
Don't stop roaring Sachin Sachin.....



Sachin Tendulkar",2024-04-24T05:48:59.000Z
https://www.instagram.com/p/CciVhzKrkBM/,11,"166w
Sabko karega corner, humara David Warner ğŸ’ªğŸ’™

@dctoli",2022-04-19T14:46:49.000Z
https://www.instagram.com/p/DIjaCg_Sdpy/,776,"9w
Sixes, smiles, and stadium vibesğŸğŸ˜‰

    captials",2025-04-17T15:46:49.000Z
https://www.instagram.com/p/DKEhgXetULG/,"213,937","4w
â€œA year to remember with Delhi Capitals. Thank you for the trust, the grind, and the love. Onward and upward ğŸ™Œ   â€",2025-05-25T08:58:24.000Z
https://www.instagram.com/p/DGIlQvLT1yc/,"163,237","18w
Ready to , starting 24 March ğŸ’™â¤ï¸",2025-02-16T12:42:36.000Z
https://www.instagram.com/p/DJUWB5Fvz1D/,,"7w
@delhicapitals ğŸ–¤ğŸ§¿ğŸ«¶ğŸ»",2025-05-06T15:54:35.000Z
https://www.instagram.com/p/CqdJK23ryHO/,"94,243","Edited
â€¢
Proud to announce @GMR as the Associate Sponsor of our team @DelhiCapitals",2023-03-31T13:42:37.000Z
https://www.instagram.com/p/C5TzOHySyni/,8,"63w
First time after 2018 in IPL , Rishabh Pant reached fifty in Back to back , Vintage Rishabh Pant is back ğŸ”¥and
 6ï¸âƒ£ , 6ï¸âƒ£, 4ï¸âƒ£ , 4ï¸âƒ£, 4ï¸âƒ£ from RISHABH pant in an over .
Thank you for making my day â¤ï¸
@rishabpantâ™¥ï¸ğŸ§¿

Hastags",2024-04-03T18:28:06.000Z
https://www.instagram.com/p/DKE_kikJpVY/,263,"4w
The journey ends, but my Delhi spirit doesnâ€™t. Always backing the boys in blue! ğŸ«¶ğŸ‘•
IPL | Delhi Capitals | Indian Premier League | Cricket | Match | Sports | DC |",2025-05-25T13:21:07.000Z
https://www.instagram.com/p/CpJq5StPX6k/,"1,148","Edited
â€¢
Rishu You stole my heart again & again ğŸ™ˆâ¤ï¸
Follow âœ  @rishabh_17_fangirl 
â¥â¥â¥â¥â¥â¥â¥â¥â¥â¥â¥â¥â¥â¥â¥
DT âœ @rishabpant
â¥â¥â¥â¥â¥â¥â¥â¥â¥â¥â¥â¥â¥â¥â¥
              power astic  world  17  777  fans  fanpage    world  lovers",2023-02-27T07:57:47.000Z
https://www.instagram.com/p/DGpVBfJTlBl/,"5,784","16w
Great to get the win last night! Quick turnaround for our final match in Bangalore tonight vs RCB - itâ€™s going to be electric! @delhicapitals",2025-03-01T05:55:39.000Z
https://www.instagram.com/p/C1ELlggS9ux/,11,"Edited
â€¢
ğŸš¨ SQUAD ANNOUNCEMENT ğŸš¨
Here The 10 IPL Franchises' Squads after IPL Auction - 2024 !!!
@iplt20 @chennaiipl @gujarat_titans @delhicapitals @kkriders @lucknowsupergiants @mumbaiindians @punjabkingsipl @rajasthanroyals @royalchallengersbangalore @sunrisershyd",2023-12-20T06:50:11.000Z
https://www.instagram.com/p/CjX01XEPU-j/,337,"Edited
â€¢
His Smile is my happiness ğŸ™ˆ
Follow âœ  @rishabh_17_fangirl
âœ¯âœ¯âœ¯âœ¯âœ¯âœ¯âœ¯âœ¯âœ¯âœ¯âœ¯âœ¯
DT âœ  @rishabpant
âœ¯âœ¯âœ¯âœ¯âœ¯âœ¯âœ¯âœ¯âœ¯âœ¯âœ¯âœ¯
              power astic  world  17  777  fans  fanpage    world  lovers",2024-02-19T07:53:33.000Z
https://www.instagram.com/p/C7w97jwALtx/,711,"55w
WICKETAAAA 
Ps miss u IPL",2024-06-03T19:22:27.000Z
https://www.instagram.com/p/DJCfamDu3hf/,10,"8w
Faf in full flow! ğŸ”¥ğŸ’¥

A classy knock of 62 off 45 balls â€” leading from the front for Delhi Capitals with elegance and intent. ğŸ‘‘ğŸ’™

ğŸ“¸ : Getty Images

Disclaimer: Photo belong to original creators. Shared for info only. No profit intended. DM for removal.
[ TATA IPL, IPL 2025, Faf Du Plessis, Delhi Capitals, Cricket Stats, Cricket Records ]",2025-04-29T17:30:16.000Z
https://www.instagram.com/p/DJzqQcuTU55/,32,"5w
Being surrounded by family while away from family. Heartthrobs â¤ï¸

   capitals     

Missing - Rajashree",2025-05-18T19:47:47.000Z
https://www.instagram.com/p/C6qG1Afgr2n/,247,"59w
Poster of the day @davidwarner31 
      ğŸ’™ğŸ¯ğŸ¯ğŸ¯ğŸ’™ ğŸğŸ†",2024-05-07T06:54:07.000Z
https://www.instagram.com/p/CjiUYAlBQ1b/,"9,878","141w
Only 1ï¸âƒ£ day left! If you haven't registered yet, what are you waiting for? 

Register now, ğŸ”— in our bio!",2022-10-10T14:16:30.000Z
https://www.instagram.com/p/CswLyg6qQDK/,627,"108w
KING ğŸ‘‘ğŸ¥­â¤ï¸ 
â€¢
â€¢
â€¢
â€¢
â€¢
â€¢
      2023    kohli ians",2023-05-27T16:13:24.000Z
https://www.instagram.com/p/DJzKgM3Tw3m/,99,"5w
Ennava irukum.......
      ğŸ¯   fans     fans  ğŸ˜",2025-05-18T15:10:19.000Z
https://www.instagram.com/p/DIwNcNOTTuK/,714,"Edited
â€¢
CLUTCH Starc Delivers Again Vs Niky P ğŸ’¥

@delhicapitals",2025-04-22T15:24:37.000Z
https://www.instagram.com/p/DJzSYPEyE-I/,208,,2025-05-18T16:19:07.000Z
https://www.instagram.com/p/DKEcm_fyE1m/,107,"4w
The Capitals -  Travel Polos from PUMA | Bold & StylishğŸ‘ŒğŸ»",2025-05-25T08:15:38.000Z
https://www.instagram.com/p/DITGsOxP-_x/,"485,341","10w
18x07 â¤ï¸ğŸ’™",2025-04-11T07:49:54.000Z
https://www.instagram.com/p/C8_hn7utInL/,308,"50w
We are closing in on the big day ğŸ¤©, Taiyaar hai na aap?

Register for the ğ“ğ«ğ¢ğšğ¥ğ¬ ğŸ‘‰ Link in bio ğŸ”—",2024-07-04T07:35:06.000Z
https://www.instagram.com/p/C732SGiSyNl/,227,"54w
Whatâ€™s Cooking? ğŸ‘€

An exciting update, stay tuned ğŸ¤©",2024-06-06T11:30:18.000Z
https://www.instagram.com/p/CqZsFT1JOoX/,"54,802","116w
Some early  vibes at  ğŸ”¥

ğŸ“·| @dctoli turning up for our intra-squad match, is just the motivation we need ahead of  ğŸ’™",2023-03-30T05:30:15.000Z
https://www.instagram.com/p/DGPai9myUVb/,"1,127","18w
DCğŸ’™-VS-RCBâ¤ï¸",2025-02-19T04:23:39.000Z
https://www.instagram.com/p/DJ3wY71z4zJ/,,"5w
Follow 3ï¸âƒ£ simple steps aur ek special DC x JSW Paints gift aapka ğŸ

â¡ï¸ Follow @jswpaints and @delhicapitals on Instagram
â¡ï¸ Comment your fav DC memory
â¡ï¸ Add  and  on your comment

ğŸš¨ Contest live until 23rd May ğŸš¨

T&C Apply: Check the link in the bio for details",2025-05-20T09:58:19.000Z
https://www.instagram.com/p/DLO7o7Rzayy/,101,"2d
2025 ft. Delhi Capitals
@delhicapitals @dctoli",2025-06-23T06:30:22.000Z
https://www.instagram.com/p/CqXroS2NVGs/,73,"116w
Delhi Capitals as a team has always been exciting, but have been returning empty handed every time. They have shown some consistency in the recent years and improved as a side, but are still falling short. With a tragic accident ruling their skipper Rishabh Pant out, the talismanic David Warner will now captain the side. The team and it's fans will be hoping that Warner summons his 2016 version as a batter and as the captain to win their first IPL trophy. What are their odds though ?

 2023    lovers",2023-03-29T10:47:49.000Z
https://www.instagram.com/p/DHx6vd7PT8O/,"152,797","12w
Welcome Home! â¤ï¸ğŸ’™ Yahaa to bas Ishq, Mohabbat aur Pyar milega ğŸ¯",2025-03-29T10:30:33.000Z
https://www.instagram.com/p/CrLcvALqXtn/,4,"114w
 @jblindia with @get__repost__app  It was a good game and the team stayed calm, unfazed by the noise.

 because we will come back stronger in the next one, making sure our roar is heard across the world.",2023-04-18T13:18:10.000Z
https://www.instagram.com/p/CUzsQVLjPXZ/,"1,706","193w
shikhi paaji is â¤ï¸ 
wath a man. thank you paaji for giving us a chanceâ€¦
@shikhardofficial
@delhicapitals @studio17unisexsalon 
           #",2021-10-09T12:21:20.000Z
https://www.instagram.com/p/C53emz1y6X8/,,"61w
Bhai Post Lagane Ka Time To Deta ğŸ˜‚ğŸ”¥
@rishabpant ğŸ¥¶ğŸ’¥
do follow my page @bleed.rishabhism for all the latest updates â¤ï¸
 .
      team   er er lovers    
  team2024",2024-04-17T15:00:37.000Z
https://www.instagram.com/p/CUxvvq4t8c1/,148,"Edited
â€¢
Just not our dayğŸ’”
Still we managed to get lots of memoriesğŸ’™
Comeback Stronger for the qualifierğŸ’ªğŸ»DC!

P.S: Stop criticizing for mis-fields and drop catches and the so called over confidence(-- just a smile doesn't mean you're over confident--) it's part and parcel of GameğŸ¥²

ğŸ“¸:@delhicapitals",2021-10-09T05:18:05.000Z
https://www.instagram.com/p/DCwUfO1IL4v/,4,"30w
HARRY BROOK SOLD TO DC FROM 6.25 CR
Follow @Criccnation for latest cricket news and posts 
  MegaAuction",2024-11-24T13:00:06.000Z
https://www.instagram.com/p/DI6gokBTBdm/,32,"8w
Next Stop With @royalchallengers.bengaluru at our very own den Qlia Kotla ğŸ’™â¤ï¸

@delhicapitals 

 |  |",2025-04-26T15:06:58.000Z
https://www.instagram.com/p/CqVsrJDP2LR/,,"117w
& it is about enjoying ! ğŸ–¤ğŸ
Pc : @__sharukh__khan__09__",2023-03-28T16:18:27.000Z
https://www.instagram.com/p/DIji_4Wzq07/,285,"9w
What a Match it was!!!
So much thrill, so much fun!
Worth sacrificing my internal for, Lol
                          page",2025-04-17T17:05:07.000Z
https://www.instagram.com/p/CVC8Ei3pEQN/,122,"192w
ğŸ’™
To the family we are born into,
And the family we make along the way.
Cheers to everyone in the DC family, who pull each other through some really tough moments in the tournament.
There is never a dull day at @delhicapitals 
The Roar will go on.....

 
 
 
 
 
@dctoli 
@iplt20",2021-10-15T10:28:09.000Z
https://www.instagram.com/p/DLKvVkDSWog/,832,"3d
Presented a comprehensive Social Media Marketing Strategy for @delhicapitals at Tokyo International University (@tiu_etrack )as part of my Social Media & Business class ğŸ“ŠğŸ

From decoding DCâ€™s mission & vision to doing a SWOT analysis and diving deep into their current social media presenceâ€”this presentation was close to my heart.

As a proud member of @dctoli I shared my journey with the fan community and introduced a campaign titled â€œRoar of the Capitalâ€â€”featuring strategies for hashtags, influencer collabs, and success measurement through KPIs.

This wasnâ€™t just a class projectâ€”it was a passion project â¤ï¸

Grateful to combine what I study with what I love.",2025-06-21T15:26:07.000Z
https://www.instagram.com/p/Co81_P7vZIt/,"11,380","Edited
â€¢
Handsome Hunk ğŸ˜šğŸ˜‰
Follow âœ  @rishabh_17_fangirl 
âœ¯âœ¯âœ¯âœ¯âœ¯âœ¯âœ¯âœ¯âœ¯âœ¯âœ¯âœ¯
DT âœ  @rishabpant
âœ¯âœ¯âœ¯âœ¯âœ¯âœ¯âœ¯âœ¯âœ¯âœ¯âœ¯âœ¯
              power astic  world  17  777  fans  fanpage    world  lovers",2023-06-09T07:38:22.000Z
https://www.instagram.com/p/CU_w4I4IjEO/,141,"192w
What do you do when your MOST favourite cricketers receive your letters, thank you for the same and actually recognise you?! Yup. That's right. You die of happiness!!!ğŸ˜­ğŸ¤©ğŸ˜­ğŸ˜­
@ajinkyarahane sir, you just called me your BIGGEST FAN and yes I'm officially dead ğŸ˜­ğŸ˜­ğŸ˜ I can't describe how wonderful it feels to see the cards I made for you in your hands. You are actually holding them. And reading them. Yayayayyayayyay! ğŸ˜­ğŸ˜ğŸ™ğŸ¼ Also, I'm so pleasantly surprised how Prithvi Shaw took my name! ğŸ¤©ğŸ¤­ğŸ’ƒ
@rashwin99 sir, I've been your fan for a long time nowğŸ¥° 10 years down, forevermore to go!ğŸ˜ŒğŸ˜„ I love my name more and more every time I hear you say it!â˜ºï¸ğŸ™ğŸ¼ While making the cards, I had imagined this in my head a million times and now I will replay this unbelievable moment a million more times!ğŸ˜­ğŸ’ƒğŸ¥³
@steve_smith49 It's unnoticeable in the video but I'm pretty much 100% sure that that's my green envelope you're taking off with!ğŸ˜ğŸ¤© I hope you like the letter and the poem I wrote for you! ğŸ˜‡ğŸ™ğŸ¼
I would like to thank @delhicapitals and @dctoli for giving fans like me this golden opportunity!ğŸ™ğŸ¼ Unfortunately, we didn't get the result we were hoping for in this IPL but I'm proud of the way DC has performed throughout the season. Until next season!ğŸ’™â¤ï¸",2021-10-14T04:52:38.000Z
https://www.instagram.com/p/DKMuzJrvXZB/,"1,516","Edited
â€¢
A big thank you to Delhi Capitals for giving us this opportunity to be a part of DC Toli @dctoli
We had a great time cheering for our very special team from right in front...Let's go DelhiiiiiğŸ¥³ğŸ¥³
Hope to stay connected with you for future endeavorsâœ¨ï¸
Kudos to @confluence.mamc and @ama.mamc for representing MAMC at a public platform with the support of @sheth_rudra0404 ğŸ†",2025-05-28T14:23:51.000Z
https://www.instagram.com/p/DLPn5BlJkMX/,5,"1d
WTC 25-27 cycles first match top knocksğŸ’¥

Follow @nithishsportsnews_06 for more CRICKET UPDATES! 

    Team    Team",2025-06-23T12:57:14.000Z
https://www.instagram.com/p/CqupPKpvrCs/,106,"115w
Dc family

@shafalisverma17",2023-04-07T08:49:26.000Z
https://www.instagram.com/p/C-R03YiNhVH/,212,"Edited
â€¢
ğ—™ğ˜‚ğ˜ğ˜‚ğ—¿ğ—² ğ—°ğ—¿ğ—¶ğ—°ğ—¸ğ—²ğ˜ ğ˜€ğ˜ğ—®ğ—¿ğ˜€ ğ—®ğ—¿ğ—² ğ—ºğ—®ğ—±ğ—² ğ—µğ—²ğ—¿ğ—² ğŸ 

Join The Delhi Capitals Cricket Academy
Today!

For more information, click here ğŸ‘‡ https://www.delhicapitals.in/dc-academy",2024-08-05T06:41:42.000Z
https://www.instagram.com/p/C4phD5qy6pC/,126,"Edited
â€¢
G.O.A.T @meglanning7 ğŸ
Always be our Queen ğŸ‘‘",2024-03-18T08:23:03.000Z
https://www.instagram.com/p/DKE-ZljSFmr/,5,"4w
Jab Mila tu!!! 

Follow @royal_riyan5 for more ğŸ€",2025-05-25T13:10:53.000Z
https://www.instagram.com/p/CpgK2a1t-x-/,"99,089","120w
2 in 2 ğŸ’™â¤ï¸",2023-03-07T21:23:09.000Z
https://www.instagram.com/p/DIeEKGPSwSw/,"31,582","Edited
â€¢
Awards night @delhicapitals @aparshakti_khurana @klrahul  @mukeshkumar3924   @artkonnect",2025-04-15T14:02:38.000Z
https://www.instagram.com/p/DHtf62NPWy7/,"24,062","Edited
â€¢
â¤ï¸-Class of 2025-ğŸ’™",2025-03-27T17:20:06.000Z
https://www.instagram.com/p/DISzjKizsR9/,"1,748","10w
Our Unbeaten Peddi ğŸ”¥

@delhicapitals 

 |  |",2025-04-11T05:02:39.000Z
https://www.instagram.com/p/C63zB5Kt7SP/,"2,348,068","58w
Aajkal ke West Delhi ke ladke ğŸ˜‚",2024-05-12T14:30:28.000Z
https://www.instagram.com/p/CsVc7Q1vR7v/,467,"110w
The big hitter - @samcurran58 ğŸ‘ğŸ¤—ğŸ’ª
@delhicapitals @noitresalons 
           2023",2023-05-17T07:03:38.000Z
